City_ID,City,Lat,Lng,Max Temp,Humidity,Cloudiness,Wind Speed,Country
0,puerto ayora,-0.7393,-90.3518,296.23,100,73,2.68,EC
1,badger,64.8,-147.5333,270.08,91,100,0.0,US
2,port-aux-francais,-49.35,70.2167,279.4,96,100,14.09,TF
3,palamos,41.8484,3.1291,287.9,6,29,2.09,ES
4,winnemucca,40.973,-117.7357,283.24,25,100,1.75,US
5,genhe,50.7833,121.5167,267.4,61,69,1.63,CN
6,papatowai,-46.5619,169.4708,285.06,78,67,7.04,NZ
7,atafu village,-8.5421,-172.5159,299.85,86,100,3.1,TK
8,quellon,-43.1167,-73.6167,277.12,80,97,3.44,CL
9,edinburgh of the seven seas,-37.0676,-12.3116,286.65,76,12,11.67,SH
10,whitehorse,60.7161,-135.0538,267.65,85,75,2.06,CA
11,aasiaat,68.7098,-52.8699,261.71,82,100,0.92,GL
12,puerto natales,-51.7236,-72.4875,273.26,86,81,3.75,CL
13,ketchikan,55.3422,-131.6461,278.14,87,40,2.57,US
14,iqaluit,63.7506,-68.5145,255.2,59,0,3.09,CA
15,bredasdorp,-34.5322,20.0403,289.03,78,48,6.78,ZA
16,peniche,39.3558,-9.3811,288.96,93,42,3.03,PT
17,rongelap,11.1635,166.8941,301.07,82,100,7.86,MH
18,adamstown,-25.066,-130.1015,296.06,87,100,7.91,PN
19,nikolayevsk-on-amure,53.1406,140.73,267.98,85,100,4.37,RU
20,longyearbyen,78.2186,15.6401,262.06,73,40,2.57,SJ
21,miracema do tocantins,-9.5618,-48.3967,299.37,43,17,1.63,BR
22,talnakh,69.4865,88.3972,250.97,94,42,1.82,RU
23,wailua homesteads,22.0669,-159.378,300.39,81,20,7.72,US
24,qaqortoq,60.7167,-46.0333,267.11,91,96,2.14,GL
25,sitka,57.0531,-135.33,279.09,81,100,6.69,US
26,hawaiian paradise park,19.5933,-154.9731,295.88,94,40,2.06,US
27,blackmans bay,-43.0167,147.3167,290.78,46,10,0.89,AU
28,soio,-6.1349,12.3689,298.9,90,86,2.15,AO
29,nova vicosa,-17.8919,-39.3719,297.24,84,42,6.25,BR
30,sriramnagar,17.2665,78.2554,299.95,65,75,3.6,IN
31,chernyshevskiy,63.0128,112.4714,265.24,94,100,3.54,RU
32,zambezi,-13.5432,23.1047,295.81,64,99,0.85,ZM
33,oranjemund,-28.55,16.4333,291.93,58,0,0.66,NA
34,grytviken,-54.2811,-36.5092,274.74,98,100,3.22,GS
35,aksu,41.1231,80.2644,281.12,32,0,1.82,CN
36,west island,-12.1568,96.8225,302.14,70,6,5.66,CC
37,ushuaia,-54.8,-68.3,273.96,75,0,2.06,AR
38,igarka,67.4667,86.5833,254.44,84,27,5.48,RU
39,dunedin,-45.8742,170.5036,286.42,83,99,3.61,NZ
40,port elizabeth,-33.918,25.5701,289.99,77,75,5.14,ZA
41,port alfred,-33.5906,26.891,287.14,94,79,5.57,ZA
42,college,64.8569,-147.8028,270.12,90,100,0.0,US
43,uturoa,-16.7333,-151.4333,300.0,84,68,8.93,PF
44,saint-francois,46.4154,3.9054,285.18,100,100,2.57,FR
45,bel ombre,-4.6167,55.4167,303.06,74,40,5.14,SC
46,carnarvon,-24.8667,113.6333,296.07,63,92,4.41,AU
47,yuli,9.6989,10.2744,298.31,24,93,1.88,NG
48,pisco,-13.7,-76.2167,292.05,88,6,0.0,PE
49,waitangi,-43.9535,-176.5597,289.16,85,15,2.24,NZ
50,vorgashor,67.5833,63.95,260.76,88,100,3.89,RU
51,alice springs,-23.7,133.8833,309.9,13,31,3.09,AU
52,smithers,54.7804,-127.1743,272.33,100,100,1.03,CA
53,enewetak,11.3474,162.3373,301.54,81,90,8.19,MH
54,maputo,-25.9653,32.5892,290.97,94,100,7.2,MZ
55,margaret river,-33.95,115.0667,294.1,61,98,5.46,AU
56,preston,53.7667,-2.7167,284.44,90,82,5.51,GB
57,bethel,41.3712,-73.414,277.94,83,0,1.54,US
58,zeya,53.75,127.2667,266.75,54,100,0.4,RU
59,naze,28.3667,129.4833,291.66,57,82,3.31,JP
60,antsiranana,-12.2787,49.2917,301.57,69,40,4.12,MG
61,laojunmiao,39.8333,97.7333,274.59,32,93,4.7,CN
62,mitu,1.1983,-70.1733,296.17,99,98,0.85,CO
63,paracuru,-3.41,-39.0306,300.43,81,99,3.65,BR
64,estevan,49.1334,-102.9842,276.34,86,0,2.06,CA
65,talcahuano,-36.7167,-73.1167,282.97,81,0,4.63,CL
66,colonia,50.9333,6.95,285.44,75,75,6.69,DE
67,jamestown,42.097,-79.2353,280.92,68,0,5.66,US
68,dudinka,69.4058,86.1778,248.53,95,24,2.01,RU
69,scottsbluff,41.8666,-103.6672,287.28,27,0,7.2,US
70,polyarnyy,69.1989,33.4478,264.09,97,95,1.26,RU
71,vilyuchinsk,52.9306,158.4028,270.89,71,100,2.69,RU
72,bouca,6.5105,18.2733,295.11,92,98,0.62,CF
73,tiksi,71.6872,128.8694,259.0,95,100,1.84,RU
74,yanchep,-31.55,115.6833,303.72,55,0,6.76,AU
75,ancud,-41.8697,-73.8203,278.84,71,31,3.3,CL
76,avarua,-21.2078,-159.775,296.18,64,40,3.09,CK
77,stanley,54.868,-1.6985,281.92,92,20,2.06,GB
78,menaka,15.9182,2.4022,296.15,16,0,5.15,ML
79,albany,42.6001,-73.9662,274.43,87,65,1.35,US
80,ust-nera,64.5667,143.2,242.82,99,55,2.37,RU
81,laibin,23.7,109.2667,286.6,72,97,3.68,CN
82,las heras,-46.5419,-68.9359,277.93,35,57,7.26,AR
83,brookings,44.3114,-96.7984,284.47,43,0,6.17,US
84,tangier,35.7806,-5.8137,289.79,94,0,2.06,MA
85,saint peter,13.25,-59.6167,299.46,71,7,7.25,BB
86,bilibino,68.0546,166.4372,243.92,100,100,0.77,RU
87,constantia,44.1833,28.65,277.53,62,58,4.16,RO
88,sihanoukville,10.6093,103.5296,306.12,58,40,2.57,KH
89,lihue,21.9789,-159.3672,300.73,75,20,7.72,US
90,saldanha,-33.0117,17.9442,292.18,57,20,2.57,ZA
91,ghat,24.9647,10.1728,289.91,46,0,1.86,LY
92,namibe,-15.1961,12.1522,295.35,70,93,2.0,AO
93,remire-montjoly,4.9167,-52.2667,298.17,94,0,0.0,GF
94,st. john's,47.5649,-52.7093,273.23,82,100,2.06,CA
95,gimbi,9.1667,35.8333,288.85,87,35,0.55,ET
96,frisco,33.1507,-96.8236,287.67,69,77,0.45,US
97,guanica,17.9716,-66.908,299.29,62,0,3.4,PR
98,marsh harbour,26.5412,-77.0636,298.37,78,100,4.86,BS
99,reserva,-24.6503,-50.8506,293.02,79,8,1.13,BR
100,happy valley-goose bay,53.3168,-60.3315,267.32,73,40,3.6,CA
101,afaahiti,-17.75,-149.2833,300.08,90,96,6.7,PF
102,ust'-kut,56.7938,105.7672,270.62,89,100,4.92,RU
103,zhouzhuang,31.1161,120.8451,288.12,42,0,2.53,CN
104,san antonio de pale,-1.4014,5.6325,299.28,79,19,3.07,GQ
105,tura,25.5198,90.2201,298.96,60,18,0.65,IN
106,revelstoke,50.9832,-118.2023,275.16,100,75,2.06,CA
107,kodiak,57.79,-152.4072,278.88,45,75,8.23,US
108,cabo san lucas,22.8909,-109.9124,300.24,64,19,1.31,MX
109,sirte,31.2089,16.5887,295.35,67,80,4.85,LY
110,sao gabriel da cachoeira,-0.1303,-67.0892,297.19,92,68,0.91,BR
111,usogorsk,63.4106,48.6872,272.41,94,100,2.6,RU
112,trevelin,-43.0858,-71.4639,277.86,91,57,2.1,AR
113,dul'durga,50.6761,113.5931,272.63,55,41,2.25,RU
114,porto novo,6.4965,2.6036,298.05,88,5,0.61,BJ
115,petropavlovsk-kamchatsky,53.0452,158.6483,270.07,74,0,12.52,RU
116,kerikeri,-35.2268,173.9474,287.44,87,100,4.05,NZ
117,hamilton,39.1834,-84.5333,282.28,60,0,0.89,US
118,hovd,48.0056,91.6419,271.33,71,100,0.66,MN
119,vadso,70.0744,29.7487,270.24,93,75,5.14,NO
120,tolanaro,-25.0319,46.9987,298.19,78,20,4.12,MG
121,yeed,4.55,43.0333,299.37,74,32,2.87,SO
122,santa ana,33.7456,-117.8678,292.73,70,20,2.57,US
123,poshekhon'ye,58.4993,39.1353,276.6,97,100,5.44,RU
124,sampit,-2.5333,112.95,306.12,58,85,1.11,ID
125,lebu,-37.6167,-73.65,281.93,90,33,4.5,CL
126,fort mcmurray,56.7268,-111.381,269.92,93,100,0.0,CA
127,olonkinbyen,70.9221,-8.7187,271.82,78,97,4.02,SJ
128,pursat,12.3333,103.6667,303.81,60,96,4.29,KH
129,codrington,-38.2667,141.9667,289.16,61,100,4.97,AU
130,punta arenas,-53.15,-70.9167,276.21,70,20,8.23,CL
131,wajir,1.7471,40.0573,298.13,94,75,0.0,KE
132,kijang,35.2442,129.2139,284.0,27,1,2.21,KR
133,karratha,-20.7377,116.8463,303.81,36,11,8.7,AU
134,marka,1.7159,44.7717,301.66,73,92,3.18,SO
135,kajiado,-1.8524,36.7768,289.87,86,76,2.68,KE
136,hasaki,35.7333,140.8333,290.37,35,1,1.47,JP
137,xining,36.6167,101.7667,278.92,34,0,0.68,CN
138,newman,37.3138,-121.0208,286.09,75,30,2.44,US
139,thunder bay,48.4001,-89.3168,269.14,93,20,1.54,CA
140,fort st. john,56.2499,-120.8529,269.09,86,0,5.14,CA
141,anadyr,64.75,177.4833,258.43,77,4,11.62,RU
142,yellowknife,62.456,-114.3525,269.44,86,100,5.66,CA
143,saudarkrokur,65.7461,-19.6394,271.56,82,11,4.33,IS
144,ilulissat,69.2167,-51.1,268.16,68,100,4.12,GL
145,tomohon,1.3346,124.8392,302.67,71,78,0.85,ID
146,ambon,-3.6954,128.1814,305.23,62,20,3.6,ID
147,ta`u,-14.2336,-169.5144,300.66,81,66,5.21,AS
148,hirado,33.3597,129.5531,288.92,61,29,6.47,JP
149,san luis de la loma,17.2706,-100.8939,299.75,83,36,2.63,MX
150,greenbrier,36.4276,-86.8047,285.03,57,75,0.0,US
151,zunyi,27.6867,106.9072,284.21,73,99,1.75,CN
152,lorengau,-2.0226,147.2712,302.2,71,81,3.14,PG
153,road town,18.4167,-64.6167,300.2,72,3,8.2,VG
154,pandan,14.0453,124.1694,300.57,86,92,7.58,PH
155,invercargill,-46.4,168.35,282.05,91,90,9.39,NZ
156,olyokminsk,60.3736,120.4264,267.72,86,100,2.47,RU
157,mazatlan,23.2167,-106.4167,299.77,77,0,0.45,MX
158,kailua-kona,19.6406,-155.9956,300.13,79,75,2.06,US
159,peace river,56.2501,-117.286,269.32,93,100,2.06,CA
160,ladario,-19.0047,-57.6017,302.18,48,43,1.32,BR
161,fale old settlement,-9.3852,-171.2468,299.94,82,100,0.8,TK
162,beyneu,45.3167,55.2,281.31,40,52,10.01,KZ
163,gadzhiyevo,69.2551,33.3362,263.84,98,95,1.35,RU
164,istgah-e rah ahan-e garmsar,35.2346,52.3094,291.41,34,80,1.01,IR
165,jand,33.4299,72.0193,294.77,39,0,0.96,PK
166,vila franca do campo,37.7167,-25.4333,291.38,99,81,2.6,PT
167,thompson,55.7435,-97.8558,270.24,93,75,1.54,CA
168,puyang chengguanzhen,35.7028,115.0053,284.84,36,0,2.29,CN
169,fortuna,40.5982,-124.1573,286.44,95,100,0.0,US
170,yangambi,0.8102,24.4336,294.64,100,100,1.29,CD
171,bechar,31.6167,-2.2167,290.54,33,100,0.1,DZ
172,motueka,-41.1333,173.0167,288.52,85,73,3.55,NZ
173,cidreira,-30.1811,-50.2056,293.03,98,100,0.73,BR
174,vernon,50.2581,-119.2691,279.35,72,17,0.89,CA
175,port mathurin,-19.6833,63.4167,298.69,77,1,3.46,MU
176,udachny,66.4167,112.4,266.18,85,100,3.52,RU
177,bonthe,7.5264,-12.505,298.92,87,85,1.18,SL
178,isafjordur,66.0755,-23.124,274.54,84,42,3.1,IS
179,harper,4.375,-7.7169,298.62,86,6,1.86,LR
180,tshabong,-26.05,22.45,296.38,14,11,6.89,BW
181,ribeira grande,38.5167,-28.7,289.69,80,100,2.68,PT
182,zalingei,12.9096,23.4741,298.78,41,96,2.13,SD
183,klyuchi,52.2667,79.1667,277.77,78,93,4.04,RU
184,hanceville,34.0607,-86.7675,286.58,59,100,2.17,US
185,papao,-17.75,-149.55,300.97,94,96,8.48,PF
186,queenstown,-31.8976,26.8753,283.51,80,85,3.32,ZA
187,santiago de cao,-7.9589,-79.2392,292.22,88,49,3.6,PE
188,haiku-pauwela,20.9219,-156.3051,298.17,68,40,6.69,US
189,butembo,0.15,29.2833,289.67,83,58,0.65,CD
190,ritchie,-29.038,24.6028,287.71,42,3,6.81,ZA
191,sorsk,54.0033,90.2467,273.09,82,100,3.13,RU
192,palikir - national government center,6.9248,158.1611,302.62,79,100,1.54,FM
193,nar'yan-mar,67.6713,53.087,265.43,96,100,4.02,RU
194,garcia,25.8167,-100.5833,293.1,78,100,1.46,MX
195,aldama,22.9167,-98.0667,295.09,76,97,1.17,MX
196,bamboo flat,11.7,92.7167,301.2,83,100,2.06,IN
197,iskateley,67.6803,53.1512,265.38,96,100,4.02,RU
198,nemuro,43.3236,145.575,278.24,50,18,8.88,JP
199,los alamos,35.8881,-106.307,278.92,61,0,1.6,US
200,ambovombe,-25.1667,46.0833,296.21,75,69,4.15,MG
201,puerto madryn,-42.7692,-65.0385,284.71,30,52,14.78,AR
202,taraz,42.9,71.3667,275.38,87,0,3.0,KZ
203,huaihua,27.5494,109.9592,283.9,63,80,0.58,CN
204,san patricio,28.017,-97.5169,290.28,89,100,4.81,US
205,arraial do cabo,-22.9661,-42.0278,296.6,91,57,5.92,BR
206,naracoorte,-36.9579,140.7383,290.84,59,100,2.68,AU
207,belyy yar,53.6039,91.3903,276.09,81,0,4.0,RU
208,kudahuvadhoo,2.6708,72.8944,300.8,74,61,1.8,MV
209,pirai do sul,-24.5261,-49.9486,293.48,66,16,0.89,BR
210,forster,-32.1667,152.5167,296.69,71,65,7.21,AU
211,sanctuary point,-35.1114,150.629,295.55,70,99,2.78,AU
212,villa huidobro,-34.8383,-64.5869,283.31,67,0,3.22,AR
213,manta,-0.95,-80.7333,297.03,88,75,4.63,EC
214,karaton,-6.3424,106.1045,303.65,66,97,0.98,ID
215,east london,-33.0153,27.9116,287.67,94,75,1.54,ZA
216,cabedelo,-6.9811,-34.8339,299.52,80,81,4.4,BR
217,pangai,-19.8,-174.35,300.21,83,75,3.6,TO
218,tobelo,1.7284,128.0095,302.65,70,77,0.23,ID
219,mirny,62.5353,113.9611,266.06,92,99,3.13,RU
220,la passe,45.5549,-0.8967,288.28,88,100,4.41,FR
221,mount isa,-20.7333,139.5,312.02,13,0,7.72,AU
222,koysinceq,36.0821,44.6278,291.7,44,29,1.45,IQ
223,dzhetygara,52.1908,61.2006,277.58,76,100,8.31,KZ
224,vila velha,-20.3297,-40.2925,298.12,87,0,6.69,BR
225,coahuayana de hidalgo,18.7,-103.6583,298.76,83,10,1.32,MX
226,chardara,41.2547,67.9692,284.44,35,0,1.87,KZ
227,labytnangi,66.6572,66.4183,256.19,99,100,1.2,RU
228,gorontalo,0.5412,123.0595,305.19,60,52,1.61,ID
229,portland,45.5234,-122.6762,282.34,91,0,1.79,US
230,puerto baquerizo moreno,-0.9,-89.6,296.87,82,91,4.46,EC
231,spring creek,40.7266,-115.5859,275.54,32,85,1.89,US
232,gaiman,-43.2897,-65.4929,282.17,30,20,13.67,AR
233,challapata,-18.9,-66.7667,283.22,27,11,2.07,BO
234,roswell,34.0232,-84.3616,286.95,83,0,0.0,US
235,strezhevoy,60.7333,77.5889,263.13,90,100,2.24,RU
236,osilnica,45.5292,14.6989,286.8,97,100,3.18,HR
237,umm qasr,30.0405,47.9168,293.08,40,4,1.41,IQ
238,lesparre-medoc,45.3,-0.9333,288.72,93,100,2.41,FR
239,holualoa,19.6228,-155.9522,298.06,79,75,2.06,US
240,sur,22.5667,59.5289,299.97,40,25,1.42,OM
241,morropon,-5.1822,-79.9689,295.64,79,24,2.0,PE
242,pyapon,16.2833,95.6833,304.08,64,98,5.18,MM
243,machiques,10.0644,-72.545,298.9,84,100,1.94,VE
244,chiras,35.4167,65.9823,279.44,23,32,2.28,AF
245,nadi,-17.8,177.4167,304.15,66,100,4.12,FJ
246,rocky mountain house,52.3668,-114.9188,269.21,80,64,2.06,CA
247,fort bragg,35.139,-79.006,282.12,88,0,0.0,US
248,teguise,29.0605,-13.564,295.27,46,0,3.6,ES
249,miechow,50.3565,20.0279,282.81,85,68,7.86,PL
250,rouissat,31.9243,5.3502,286.19,62,0,2.06,DZ
251,hammerfest,70.6634,23.6821,272.4,93,75,0.0,NO
252,arar,30.9753,41.0381,291.16,39,75,2.06,SA
253,urengoy,65.9667,78.3667,253.7,99,25,3.08,RU
254,tefe,-3.3542,-64.7114,299.72,74,95,0.49,BR
255,arteche,12.2645,125.4048,301.17,87,100,3.32,PH
256,alofi,-19.0595,-169.9187,298.09,22,100,3.6,NU
257,taltal,-25.4,-70.4833,289.3,75,43,1.0,CL
258,santa cruz,-17.8,-63.1667,300.85,78,40,4.12,BO
259,qazvin,36.2797,50.0049,279.94,57,7,0.0,IR
260,geraldton,-28.7667,114.6,299.38,61,40,5.14,AU
261,san fernando de apure,7.8878,-67.4724,297.84,78,46,2.08,VE
262,djenne,13.9061,-4.5533,297.14,14,0,3.58,ML
263,meizhou,24.2977,116.1072,294.8,57,74,1.46,CN
264,sao joao do piaui,-8.3581,-42.2467,297.35,30,0,0.68,BR
265,sao joao da barra,-21.6403,-41.0511,296.68,92,68,2.68,BR
266,mtambile,-5.3833,39.7,300.32,79,3,0.6,TZ
267,santa elena de uairen,4.6167,-61.1333,293.88,68,52,1.75,VE
268,bokakhat,26.6333,93.6,298.51,57,44,2.36,IN
269,laem sing,12.4816,102.0738,306.7,75,81,6.25,TH
270,lesina,41.8594,15.3527,286.47,82,98,3.29,IT
271,kingston,17.997,-76.7936,301.68,81,20,1.54,JM
272,oamaru,-45.0784,170.9801,289.47,67,26,3.57,NZ
273,la'ie,21.6477,-157.9253,300.13,74,52,3.58,US
274,turpan,42.9333,89.1667,284.39,25,100,0.54,CN
275,songea,-10.6833,35.65,294.79,83,75,1.03,TZ
276,utrik,11.2278,169.8474,301.18,80,100,8.23,MH
277,kavaratti,10.5669,72.642,300.79,69,70,1.01,IN
278,lewistown,40.5992,-77.5714,283.82,43,0,2.57,US
279,port lincoln,-34.7333,135.8667,290.43,67,53,4.68,AU
280,luwuk,-0.9516,122.7875,304.52,63,80,1.31,ID
281,sinabang,2.4803,96.3801,298.59,86,100,1.79,ID
282,ed damer,17.5928,33.9592,302.17,44,51,2.69,SD
283,celestun,20.8667,-90.4,297.98,90,57,4.72,MX
284,port macquarie,-31.4333,152.9167,297.53,67,19,6.25,AU
285,kruisfontein,-34.0033,24.7314,287.95,70,29,4.39,ZA
286,mattanur,11.9167,75.5833,303.9,48,34,1.8,IN
287,rumoi,43.9344,141.6428,276.6,71,89,6.61,JP
288,buka,40.8108,69.1986,284.11,32,0,1.25,UZ
289,basoko,1.2391,23.616,294.46,98,100,2.78,CD
290,al bayda,32.7627,21.7551,286.63,85,15,4.21,LY
291,poronaysk,49.2167,143.1167,270.55,75,36,4.21,RU
292,lakatoro,-16.0999,167.4164,298.52,70,100,7.08,VU
293,los angeles,34.0522,-118.2437,291.6,51,0,2.06,US
294,mar del plata,-38.0023,-57.5575,286.53,57,0,5.36,AR
295,kokopo,-4.352,152.2633,301.91,67,45,3.57,PG
296,flying fish cove,-10.4217,105.6791,300.97,74,100,4.63,CX
297,hede,33.7681,120.2517,284.55,37,0,3.39,CN
298,yibin,28.7667,104.6238,285.89,78,100,1.45,CN
299,nuku'alofa,-21.1333,-175.2,296.34,94,75,8.23,TO
300,libreville,0.3925,9.4537,298.72,87,96,0.7,GA
301,mosjoen,65.836,13.1908,271.21,92,0,1.03,NO
302,bandundu,-3.3167,17.3667,295.3,95,76,0.27,CD
303,cacu,-18.5567,-51.1308,300.65,35,64,1.85,BR
304,douglas,41.3,-96.167,286.66,42,0,5.14,US
305,leava,-14.3,-178.1667,301.8,84,100,7.33,WF
306,chonchi,-42.6128,-73.8092,276.71,91,83,1.45,CL
307,hulyaypole,47.6653,36.2578,277.97,79,66,2.44,UA
308,acapulco de juarez,16.8634,-99.8901,302.05,79,0,3.09,MX
309,mersa matruh,31.3525,27.2453,295.26,60,40,5.14,EG
310,besiri,37.9184,41.2924,285.9,82,75,0.51,TR
311,hermanus,-34.4187,19.2345,288.72,78,66,7.14,ZA
312,nizhniy kuranakh,58.8353,125.4869,264.71,86,100,1.37,RU
313,cekerek,40.0731,35.4947,284.04,85,99,1.56,TR
314,corzuela,-26.9537,-60.9693,292.27,96,100,2.5,AR
315,hobyo,5.3505,48.5268,301.05,75,54,2.68,SO
316,beira,-19.8436,34.8389,299.2,94,75,6.17,MZ
317,mossel bay,-34.1831,22.146,286.11,77,16,5.91,ZA
318,masterton,-40.9597,175.6575,289.38,63,70,5.91,NZ
319,port saint john's,-31.6229,29.5448,290.11,73,97,1.92,ZA
320,madinat ash shamal,26.1293,51.2009,299.98,50,0,0.36,QA
321,amos,48.5669,-78.1162,273.52,98,100,3.45,CA
322,georgetown,5.4112,100.3354,304.11,74,20,3.09,MY
323,savanna-la-mar,18.219,-78.1332,301.12,88,9,1.43,JM
324,betio village,1.358,172.9211,300.17,82,99,8.41,KI
325,crane,31.3974,-102.3501,284.06,83,100,2.53,US
326,saint-philippe,-21.3585,55.7679,299.92,77,53,3.33,RE
327,charters towers,-20.1,146.2667,308.19,16,0,8.59,AU
328,nouadhibou,20.931,-17.0347,293.14,56,24,5.14,MR
329,nishinoomote,30.7333,131.0,289.46,63,40,4.12,JP
330,shaoxing,30.011,120.5715,288.12,38,9,1.66,CN
331,washington,47.5001,-120.5015,278.47,69,51,2.02,US
332,cutral-co,-38.9469,-69.2089,281.43,10,0,1.34,AR
333,gilgit,35.9221,74.3087,284.12,34,0,1.41,PK
334,praia da vitoria,38.7333,-27.0667,289.68,94,20,2.72,PT
335,faya-largeau,17.9257,19.1043,296.02,24,87,12.55,TD
336,guerrero negro,27.9769,-114.0611,293.24,60,100,3.78,MX
337,egilsstadir,65.2653,-14.3948,276.1,93,75,1.54,IS
338,kourou,5.1552,-52.6478,298.18,90,17,2.5,GF
339,vuktyl,63.8567,57.3094,268.21,76,100,4.02,RU
340,okondja,-0.6549,13.6753,294.86,98,86,0.22,GA
341,ust'-ilimsk,58.0006,102.6619,271.17,95,99,4.47,RU
342,reggane,26.7158,0.1714,293.42,29,4,5.47,DZ
343,san ignacio,17.1561,-89.0714,297.23,100,100,0.0,BZ
344,tottori,35.5,134.2333,288.19,51,40,1.03,JP
345,carutapera,-1.195,-46.02,298.26,86,77,3.18,BR
346,singrauli,24.1997,82.6753,296.78,48,95,1.94,IN
347,palmer,42.1584,-72.3287,274.61,82,40,0.0,US
348,montepuez,-13.1256,38.9997,297.2,72,72,2.43,MZ
349,kaliua,-5.0606,31.7936,292.29,95,100,0.99,TZ
350,severo-yeniseyskiy,60.3725,93.0408,262.15,88,100,5.0,RU
351,cockburn town,21.4612,-71.1419,300.98,76,9,8.29,TC
352,ulaangom,49.9811,92.0667,270.23,81,78,0.34,MN
353,north bend,43.4065,-124.2243,285.29,93,0,0.0,US
354,alaghsas,17.0187,8.0168,295.53,16,2,4.85,NE
355,hengchun,22.0042,120.7439,298.6,63,60,7.07,TW
356,englewood,39.6478,-104.9878,285.28,34,40,4.63,US
357,chakia,26.4167,85.05,300.23,37,63,1.45,IN
358,demba,-5.51,22.2667,293.44,96,100,1.79,CD
359,mulayjah,27.271,48.4242,297.16,51,2,1.55,SA
360,barra de santo antonio,-9.4047,-35.5072,296.75,90,95,2.32,BR
361,kapa'a,22.0752,-159.319,301.14,81,20,7.72,US
362,westport,41.1415,-73.3579,279.83,79,0,0.0,US
363,prineville,44.2999,-120.8345,280.44,90,40,0.0,US
364,arkhangel'sk,64.5401,40.5433,269.89,91,96,2.66,RU
365,starokamyshinsk,55.0554,61.6031,276.25,79,100,8.21,RU
366,manokwari,-0.8667,134.0833,301.69,76,85,1.95,ID
367,danao,10.5208,124.0272,304.18,82,98,3.58,PH
368,mana,5.6592,-53.7767,298.79,91,5,2.94,GF
369,salekhard,66.53,66.6019,255.51,99,100,1.33,RU
370,stephenville,32.2207,-98.2023,286.22,70,100,0.0,US
371,qui nhon,13.7667,109.2333,299.9,87,97,6.61,VN
372,panji,-7.7253,114.0995,305.37,56,81,4.59,ID
373,freetown,8.484,-13.2299,298.92,90,7,1.8,SL
374,baglung,28.2719,83.5898,295.22,43,100,1.59,NP
375,imbituba,-28.24,-48.6703,297.51,97,100,0.37,BR
376,ilha de mocambique,-15.0342,40.7358,299.61,79,100,6.58,MZ
377,al ain city,24.1917,55.7606,295.94,60,0,4.63,AE
378,hithadhoo,-0.6,73.0833,300.75,79,64,4.81,MV
379,sandnessjoen,66.0217,12.6316,271.21,50,0,1.03,NO
380,trairi,-3.2778,-39.2689,298.9,79,92,3.57,BR
381,wanxian,30.8039,108.3897,289.36,65,72,0.35,CN
382,chauk,20.8833,94.8167,303.42,52,97,3.51,MM
383,enriquillo,17.9,-71.2333,299.18,87,13,5.53,DO
384,ziniare,12.5822,-1.2983,294.17,17,40,4.14,BF
385,vorkuta,67.5,64.0,262.19,87,100,3.94,RU
386,joshimath,30.5667,79.5667,290.44,24,99,2.38,IN
387,el bolson,-41.9667,-71.5167,275.69,96,97,2.88,AR
388,itapirapua,-15.8233,-50.6133,298.6,42,7,1.8,BR
389,canutama,-6.5339,-64.3831,298.74,76,57,0.76,BR
390,chibougamau,49.9168,-74.3659,267.94,93,100,3.09,CA
391,usinsk,65.9939,57.5281,265.97,83,100,2.24,RU
392,angaur state,6.906,134.13,301.5,76,89,4.2,PW
393,shatrovo,56.5167,64.6333,277.63,88,100,8.34,RU
394,verkhnevilyuysk,63.4453,120.3167,263.96,94,100,2.45,RU
395,tralee,52.2704,-9.7026,283.83,89,100,7.03,IE
396,saipan,15.1355,145.701,304.54,66,40,8.75,MP
397,baley,51.6,116.6333,268.59,57,55,1.3,RU
398,ndele,8.4109,20.6473,296.09,84,84,0.22,CF
399,port moresby,-9.4431,147.1797,303.83,51,40,5.14,PG
400,la ronge,55.1001,-105.2842,274.29,75,100,5.14,CA
401,weno,7.4515,151.8468,304.12,74,75,2.06,FM
402,dakhla,23.6848,-15.958,295.19,49,77,4.31,EH
403,mejit,10.2753,170.8646,300.27,84,98,6.0,MH
404,brush,40.2589,-103.6238,282.04,36,6,0.0,US
405,mandsaur,24.0667,75.0667,297.26,36,98,3.45,IN
406,murudeshwara,14.0943,74.4845,303.2,49,88,2.38,IN
407,iraquara,-12.2486,-41.6194,292.34,63,0,1.33,BR
408,tramandai,-29.9847,-50.1336,293.17,98,100,1.14,BR
409,winston,28.0317,-82.0148,294.15,90,100,5.36,US
410,mpulungu,-8.7623,31.1141,297.06,78,78,0.2,ZM
411,kalmunai,7.4167,81.8167,301.59,75,61,2.66,LK
412,keflavik,64.0049,-22.5624,280.39,65,75,6.69,IS
413,gennep,51.6983,5.9736,285.91,88,100,8.23,NL
414,dingwall,57.5953,-4.4272,281.12,92,100,1.95,GB
415,broken hill,-31.95,141.4333,301.44,21,69,3.31,AU
416,minas de marcona,-15.2119,-75.1103,286.62,89,66,6.08,PE
417,lawton,34.6087,-98.3903,283.28,69,0,1.54,US
418,cestos city,5.46,-9.5828,299.1,87,58,2.24,LR
419,sisimiut,66.9395,-53.6735,263.02,75,99,3.7,GL
420,maki,37.75,138.8833,285.12,59,83,4.74,JP
421,aromashevo,56.8602,68.6375,277.47,80,100,7.97,RU
422,kemsing,51.306,0.2292,285.98,82,81,6.3,GB
423,wynyard,-41.0,145.7167,293.82,33,79,3.26,AU
424,kirakira,-10.4544,161.9205,300.08,80,86,2.5,SB
425,amga,60.8953,131.9608,256.07,94,90,0.86,RU
426,glace bay,46.1969,-59.957,274.58,94,100,2.57,CA
427,pimenta bueno,-11.6725,-61.1936,297.2,80,69,0.64,BR
428,lagoa,39.05,-27.9833,290.25,74,100,2.43,PT
429,seydi,39.4816,62.9137,286.54,34,59,3.94,TM
430,berdigestyakh,62.0989,126.6992,260.85,97,99,2.03,RU
431,jijiga,9.35,42.8,292.3,48,85,2.21,ET
432,usak,38.5,29.4167,282.21,84,71,3.22,TR
433,salinopolis,-0.6136,-47.3561,298.86,82,70,3.7,BR
434,richards bay,-28.783,32.0377,291.11,75,100,4.74,ZA
435,lata,40.1629,-8.3327,287.08,95,47,1.14,PT
436,abalak,58.1286,68.5944,275.57,89,100,5.26,RU
437,yekaterinoslavka,50.3734,129.1139,268.46,73,35,1.6,RU
438,vozhega,60.4725,40.2213,273.91,99,100,1.77,RU
439,tromso,69.6496,18.957,265.16,86,0,1.03,NO
440,walvis bay,-22.9575,14.5053,288.68,88,0,0.0,NA
441,meerssen,50.8875,5.75,285.29,86,75,9.26,NL
442,katsuren-haebaru,26.3369,127.8719,297.36,49,75,4.12,JP
443,roma,43.2128,-75.4557,278.08,90,100,2.57,US
444,kiruna,67.8557,20.2251,255.66,85,75,0.0,SE
445,bodo,67.28,14.405,270.25,51,0,9.26,NO
446,susuman,62.7833,148.1667,242.01,99,72,0.63,RU
447,chinchani,19.8667,72.7,301.72,40,66,0.41,IN
448,jeddah,21.5169,39.2192,301.07,61,20,0.0,SA
449,kirillov,59.863,38.3813,274.25,99,100,1.95,RU
450,lerma,42.0261,-3.7598,285.46,94,97,2.8,ES
451,mingshui,36.7167,117.5,283.56,26,25,2.17,CN
452,copala,16.65,-98.9833,299.67,82,37,0.94,MX
453,bucerias,20.75,-105.3333,300.14,83,0,1.03,MX
454,upper hutt,-41.1383,175.0502,290.77,83,51,7.6,NZ
455,rio gallegos,-51.6226,-69.2181,275.18,69,0,7.2,AR
456,tome,-36.6167,-72.95,282.49,88,12,3.01,CL
457,puerto plata,19.7934,-70.6884,297.29,91,14,3.06,DO
458,mahibadhoo,3.7833,72.9667,300.78,73,62,1.08,MV
459,melfort,52.8667,-104.6177,275.22,69,68,7.72,CA
460,princeville,45.7668,-61.2985,275.01,90,100,0.0,CA
461,guiuan,11.0333,125.7247,302.08,75,77,3.27,PH
462,kozan,37.4552,35.8157,290.91,58,63,2.25,TR
463,camiri,-20.05,-63.5167,292.69,96,76,1.8,BO
464,sittwe,20.15,92.9,302.62,64,98,0.51,MM
465,bushehr,28.9684,50.8385,295.2,64,15,2.06,IR
466,jiuquan,39.7432,98.5174,278.95,26,65,4.15,CN
467,trinidad,-14.8333,-64.9,301.1,60,65,1.58,BO
468,fuglafjordur,62.244,-6.814,279.41,66,74,9.12,FO
469,bayanhongor,46.7167,100.1167,264.46,56,100,1.09,MN
470,nabire,-3.3667,135.4833,305.77,52,55,2.37,ID
471,lemvig,56.5486,8.3102,278.82,95,100,13.6,DK
472,woolgoolga,-30.1106,153.2007,302.06,73,2,6.61,AU
473,shimanovsk,52.0,127.7,269.64,53,99,0.9,RU
474,macka,40.8186,39.6136,290.79,77,100,2.65,TR
475,alliance,40.9153,-81.1059,281.1,65,0,4.36,US
476,shahba,32.8551,36.629,288.74,60,37,2.21,SY
477,orkney,-26.9802,26.6727,292.36,62,0,6.54,ZA
478,talara,-4.5772,-81.2719,293.76,84,17,7.78,PE
479,aykhal,66.0,111.5,264.62,94,100,3.69,RU
480,wladyslawowo,54.7909,18.4009,278.45,96,100,7.45,PL
481,ulsan,35.5372,129.3167,286.94,28,1,0.98,KR
482,tubbergen,52.4,6.7667,285.37,72,96,11.02,NL
483,chhindwara,22.0667,78.9333,297.79,40,100,2.31,IN
484,fonte boa,-2.4959,-66.2662,298.01,80,79,0.43,BR
485,nuuk,64.1835,-51.7216,270.49,86,100,4.63,GL
486,tegina,10.0706,6.1906,295.77,28,97,1.71,NG
487,manati,18.4275,-66.4921,299.19,94,4,3.07,PR
488,hilo,19.7297,-155.09,296.0,92,40,2.06,US
489,hacibektas,38.9408,34.5577,281.92,93,75,2.06,TR
490,kuanda,56.3161,116.0806,263.85,68,67,0.6,RU
491,ust'-kulom,61.6864,53.6902,275.53,99,100,3.31,RU
492,linfen,36.0889,111.5189,284.42,25,0,1.24,CN
493,mulki,13.1,74.8,302.75,61,65,3.6,IN
494,vredendal,-31.6683,18.5012,295.5,37,30,5.94,ZA
495,hemsby,52.6971,1.6918,284.28,90,45,10.62,GB
496,aswan,24.0934,32.907,298.56,42,50,4.56,EG
497,kandi,11.1342,2.9386,294.3,21,23,2.22,BJ
498,axim,4.8699,-2.2405,298.61,89,2,1.75,GH
499,okhotsk,59.3833,143.3,258.8,77,70,6.2,RU
500,bubaque,11.2833,-15.8333,300.99,67,30,3.39,GW
501,oskaloosa,41.2964,-92.6444,282.33,52,0,2.06,US
502,ouani,-12.1322,44.4258,300.93,74,56,1.98,KM
503,kirensk,57.7853,108.1119,270.91,91,100,4.92,RU
504,ndola,-12.9587,28.6366,292.34,90,76,0.89,ZM
505,acarau,-2.8856,-40.12,299.29,79,81,5.84,BR
506,poquoson,37.1224,-76.3458,285.92,88,0,0.45,US
507,itoman,26.1247,127.6694,297.36,54,40,5.66,JP
508,tsiombe,-25.3,45.4833,297.41,68,84,4.54,MG
509,hassi messaoud,31.6804,6.0729,286.07,50,0,0.51,DZ
510,bemidji,47.4736,-94.8803,281.24,58,0,5.14,US
511,puerto aysen,-45.4,-72.7,275.35,99,100,2.34,CL
512,shimoda,34.6667,138.95,290.35,68,76,1.8,JP
513,launceston,-41.45,147.1667,297.12,26,15,3.09,AU
514,faro,37.0194,-7.9322,293.13,94,0,2.06,PT
515,kapuskasing,49.4169,-82.4331,274.2,93,100,4.12,CA
516,luderitz,-26.6481,15.1594,289.64,73,0,2.03,NA
517,kyren,51.6828,102.1408,271.45,71,99,0.45,RU
518,lengshuitan,26.4111,111.5956,285.87,68,65,1.67,CN
519,lompoc,34.6391,-120.4579,285.66,92,0,3.6,US
520,daxing,39.7214,116.3292,283.13,18,2,1.79,CN
521,tazovsky,67.4667,78.7,255.34,98,61,3.68,RU
522,tibati,6.4667,12.6333,292.6,88,85,1.21,CM
523,nizhneangarsk,55.7833,109.55,266.48,76,100,0.45,RU
524,knyaze-volkonskoye,48.4642,135.4567,267.34,87,70,2.24,RU
525,wuhai,39.6647,106.8122,279.44,19,9,2.39,CN
526,mount gambier,-37.8333,140.7667,290.98,49,100,3.82,AU
527,mhango,-3.2833,32.85,293.44,85,65,1.74,TZ
528,toliara,-23.35,43.6667,298.67,62,13,4.26,MG
529,schroeder,-26.4125,-49.0731,295.47,99,88,0.51,BR
530,deqen,29.9618,90.7188,280.64,25,61,1.83,CN
531,mili,6.0815,171.735,301.36,78,100,6.92,MH
532,inirida,3.8653,-67.9239,296.88,96,100,0.49,CO
533,elliot lake,46.3834,-82.6331,274.36,76,60,3.06,CA
534,horta,38.5333,-28.6333,289.27,80,100,2.68,PT
535,chigorodo,7.6664,-76.6811,297.33,98,94,1.38,CO
536,formosa,-26.1775,-58.1781,297.14,99,100,2.57,AR
537,kununurra,-15.7667,128.7333,310.14,39,58,5.66,AU
538,alva,56.1528,-3.8051,280.74,96,100,0.45,GB
539,muroto-misakicho,33.2833,134.15,287.46,52,0,2.76,JP
540,daru,-9.0763,143.2092,301.4,64,28,4.92,PG
541,bac lieu,9.285,105.7244,302.22,76,100,8.01,VN
542,vinzili,56.9594,65.7708,277.57,80,100,6.64,RU
543,makhambet,47.6667,51.5833,280.83,55,100,4.36,KZ
544,selfoss,63.9331,-20.9971,279.29,76,78,8.2,IS
545,gongju,36.4556,127.1247,282.29,55,36,2.73,KR
546,tera,14.0078,0.7531,295.95,15,0,4.45,NE
547,miri,4.4148,114.0089,305.23,66,40,2.57,MY
548,childress,34.4264,-100.204,282.55,81,0,3.09,US
549,yorkton,51.2167,-102.4677,272.06,86,20,6.17,CA
550,kismayo,-0.3582,42.5454,301.32,74,91,2.79,SO
551,gargalianoi,37.0667,21.6333,286.68,77,7,3.29,GR
552,krasnokamensk,50.0979,118.0369,268.65,63,21,1.03,RU
553,msowero,-6.5333,37.2,297.81,80,95,1.1,TZ
554,paracale,14.2804,122.7881,299.92,88,96,6.21,PH
555,obo,5.3998,26.4869,294.64,96,98,1.49,CF
556,velizh,55.6056,31.1967,275.51,97,100,4.13,RU
557,xacmaz,41.4635,48.806,286.38,85,71,2.8,AZ
558,sarangani,5.4033,125.4636,301.87,72,26,2.27,PH
559,ugbokpo,7.6565,7.8664,297.77,84,100,0.56,NG
560,qamdo,31.1667,97.2333,276.04,27,31,2.4,CN
561,shibetsu,43.659,145.132,277.54,52,40,2.57,JP
562,mount zion,39.7714,-88.8742,282.05,65,0,0.0,US
563,nyala,12.05,24.8833,298.77,33,55,3.6,SD
564,tobati,-25.25,-57.0667,299.05,89,100,1.02,PY
565,koryazhma,61.3143,47.1691,275.88,97,100,3.98,RU
566,cedeira,43.6797,-8.0209,291.69,87,100,12.14,ES
567,kargopol',61.5071,38.9456,273.3,97,100,2.26,RU
568,ugoofaaru,5.6667,73.0,300.46,77,63,1.65,MV
569,yenifakili,39.2114,35.0004,284.13,85,100,1.74,TR
570,yaren,-0.5472,166.916,301.71,78,100,10.65,NR
